Model,RMSE,Improvement
XGBoost (Original),42.114324558371024,0.0
XGBoost (Tuned),42.53443061398288,-0.9975372038309217
LightGBM (Original),41.17597285723796,0.0
LightGBM (Tuned),42.47452941537725,-3.153675476330676
